url,status,title,author,published_date,folder_name,timestamp,failure_reason,source
https://x.com/web3annie/status/2025595855626260703,success,别再把AI当闲聊机器人了！他砸了1000美金，扒出了最强AI框架OpenClaw的“真面目”,web3annie,2026-02-22,web3annie_别再把AI当闲聊机器人了！他砸了1000美金，扒出了最强AI框架OpenClaw_2025595855626,2026-02-25 12:49:44,,cli
https://x.com/lemondooe/status/2025551573427118452,success,不解决长期记忆问题，任何Agent都不配叫个人助理,lemondooe,2026-02-22,lemondooe_不解决长期记忆问题，任何Agent都不配叫个人助理_2025551573427118452_2026-02-,2026-02-25 12:49:52,,cli
https://x.com/yanhua1010/status/2025069629123781031,success,OpenClaw 能干什么？一个重度用户的 10 个真实用例拆解,yanhua1010,2026-02-21,yanhua1010_OpenClaw_能干什么？一个重度用户的_10_个真实用例拆解_2025069629123781031_,2026-02-25 12:49:59,,cli
https://x.com/molt_cornelius/status/2025408304957018363,success,Agentic Note-Taking 19: Living Memory,molt_cornelius,2026-02-22,molt_cornelius_Agentic_Note-Taking_19_Living_Memory_202540830495,2026-02-25 12:50:05,,cli
https://x.com/wlzh/status/2025522132135145490,success,"AI 编程工具的""潘多拉魔盒""：30,000+ 行系统提示词泄露背后的惊天价值",wlzh,2026-02-22,"wlzh_AI_编程工具的潘多拉魔盒：30,000+_行系统提示词泄露背后的惊天价值_2025522132135145490_2",2026-02-25 12:50:11,,cli
https://x.com/xxx111god/status/2025394346191708297,success,为什么我放弃了 Multi-Agent，效果反而更好（以及你可能也不需要它),xxx111god,2026-02-22,xxx111god_为什么我放弃了_Multi-Agent，效果反而更好（以及你可能也不需要它)_202539434619170,2026-02-25 12:50:18,,cli
https://x.com/xingpt/status/2025219080421277813,success,年薪150万的工作，我用500美金的AI完成：个人业务Agent升级指南,xingpt,2026-02-21,xingpt_年薪150万的工作，我用500美金的AI完成：个人业务Agent升级指南_2025219080421277813_,2026-02-25 12:50:25,,cli
https://x.com/yibie/status/2025413319549394996,failed,Untitled,Unknown,NoDate,,2026-02-25 12:50:28,"Navigation: Page.goto: Target page, context or browser has been closed
Call log:
  - navigating to ""https://x.com/yibie/status/2025413319549394996"", waiting until ""domcontentloaded""
",cli
https://x.com/sitinme/status/2025435006819336311,failed,Untitled,Unknown,NoDate,,2026-02-25 12:50:28,"Navigation: Page.goto: Target page, context or browser has been closed",cli
https://x.com/EXM7777/status/2025249637222023490,failed,Untitled,Unknown,NoDate,,2026-02-25 12:50:28,"Navigation: Page.goto: Target page, context or browser has been closed",cli
https://x.com/_0xKenny/status/2025121998213452059,failed,Untitled,Unknown,NoDate,,2026-02-25 12:50:28,"Navigation: Page.goto: Target page, context or browser has been closed",cli
https://x.com/GoSailGlobal/status/2025402533972480275,failed,Untitled,Unknown,NoDate,,2026-02-25 12:50:28,"Navigation: Page.goto: Target page, context or browser has been closed",cli
https://x.com/JulianGoldieSEO/status/2025691182471545099,failed,Untitled,Unknown,NoDate,,2026-02-25 12:50:28,"Navigation: Page.goto: Target page, context or browser has been closed",cli
https://x.com/ohxiyu/status/2025419657533153472,failed,Untitled,Unknown,NoDate,,2026-02-25 12:50:28,"Navigation: Page.goto: Target page, context or browser has been closed",cli
https://x.com/web3annie/status/2025490705385435447,failed,Untitled,Unknown,NoDate,,2026-02-25 12:50:28,"Navigation: Page.goto: Target page, context or browser has been closed",cli
https://x.com/jasonzhou1993/status/2025429865403687278,failed,Untitled,Unknown,NoDate,,2026-02-25 12:50:28,"Navigation: Page.goto: Target page, context or browser has been closed",cli
https://x.com/FelipeGuirao/status/2025627584797581499,failed,Untitled,Unknown,NoDate,,2026-02-25 12:50:28,"Navigation: Page.goto: Target page, context or browser has been closed",cli
https://x.com/MisbahSy/status/2025572381721579684,failed,Untitled,Unknown,NoDate,,2026-02-25 12:50:28,"Navigation: Page.goto: Target page, context or browser has been closed",cli
https://x.com/Roland_WayneOZ/status/2025368657673797712,failed,Untitled,Unknown,NoDate,,2026-02-25 12:50:28,"Navigation: Page.goto: Target page, context or browser has been closed",cli
https://x.com/onenewbite/status/2024819940327379286,failed,Untitled,Unknown,NoDate,,2026-02-25 12:50:28,"Navigation: Page.goto: Target page, context or browser has been closed",cli
https://x.com/lijiuer92/status/2025678747509391664,failed,Untitled,Unknown,NoDate,,2026-02-25 12:50:28,"Navigation: Page.goto: Target page, context or browser has been closed",cli
https://x.com/gxjdian/status/2025735392423776697,failed,Untitled,Unknown,NoDate,,2026-02-25 12:50:28,"Navigation: Page.goto: Target page, context or browser has been closed",cli
https://x.com/0xnathanwalk/status/2025486213566918845,failed,Untitled,Unknown,NoDate,,2026-02-25 12:50:28,"Navigation: Page.goto: Target page, context or browser has been closed",cli
https://x.com/hartdrawss/status/2025503517411049843,failed,Untitled,Unknown,NoDate,,2026-02-25 12:50:28,"Navigation: Page.goto: Target page, context or browser has been closed",cli
https://x.com/banezh/status/2025760796794655147,failed,Untitled,Unknown,NoDate,,2026-02-25 12:50:28,"Navigation: Page.goto: Target page, context or browser has been closed",cli
https://x.com/sunhaoran888/status/2025626912262107183,failed,Untitled,Unknown,NoDate,,2026-02-25 12:50:28,"Navigation: Page.goto: Target page, context or browser has been closed",cli
https://x.com/suispasdavinci/status/2025615530086817947,failed,Untitled,Unknown,NoDate,,2026-02-25 12:50:28,"Navigation: Page.goto: Target page, context or browser has been closed",cli
https://x.com/robertpbalan1/status/2025565729190285583,failed,Untitled,Unknown,NoDate,,2026-02-25 12:50:28,"Navigation: Page.goto: Target page, context or browser has been closed",cli
https://x.com/elvissun/status/2025614428469964803,failed,Untitled,Unknown,NoDate,,2026-02-25 12:50:28,"Navigation: Page.goto: Target page, context or browser has been closed",cli
https://x.com/web3annie/status/2025471753921904794,failed,Untitled,Unknown,NoDate,,2026-02-25 12:50:28,"Navigation: Page.goto: Target page, context or browser has been closed",cli
https://x.com/i/status/2026147429368975830,failed,Untitled,Unknown,NoDate,,2026-02-25 12:50:28,"Navigation: Page.goto: Target page, context or browser has been closed",cli
https://x.com/i/status/2025955574928625703,failed,Untitled,Unknown,NoDate,,2026-02-25 12:50:28,"Navigation: Page.goto: Target page, context or browser has been closed",cli
https://x.com/i/status/2026137894768030148,failed,Untitled,Unknown,NoDate,,2026-02-25 12:50:28,"Navigation: Page.goto: Target page, context or browser has been closed",cli
https://x.com/i/status/2025884386001138056,failed,Untitled,Unknown,NoDate,,2026-02-25 12:50:28,"Navigation: Page.goto: Target page, context or browser has been closed",cli
https://x.com/i/status/2025981308846170351,failed,Untitled,Unknown,NoDate,,2026-02-25 12:50:28,"Navigation: Page.goto: Target page, context or browser has been closed",cli
https://x.com/milesdeutscher/status/2026037201591787801,failed,Untitled,Unknown,NoDate,,2026-02-25 12:50:28,"Navigation: Page.goto: Target page, context or browser has been closed",cli
https://x.com/BHolmesDev/status/2025988271776383275,failed,Untitled,Unknown,NoDate,,2026-02-25 12:50:28,"Navigation: Page.goto: Target page, context or browser has been closed",cli
https://x.com/the_smart_ape/status/2025858782840893549,failed,Untitled,Unknown,NoDate,,2026-02-25 12:50:28,"Navigation: Page.goto: Target page, context or browser has been closed",cli
https://x.com/agent_wrapper/status/2025986105485733945,failed,Untitled,Unknown,NoDate,,2026-02-25 12:50:28,"Navigation: Page.goto: Target page, context or browser has been closed",cli
https://x.com/KSimback/status/2025967893796606247,failed,Untitled,Unknown,NoDate,,2026-02-25 12:50:28,"Navigation: Page.goto: Target page, context or browser has been closed",cli
https://x.com/web3annie/status/2025897485550698920,failed,Untitled,Unknown,NoDate,,2026-02-25 12:50:28,"Navigation: Page.goto: Target page, context or browser has been closed",cli
https://x.com/d4m1n/status/2026032801322356903,failed,Untitled,Unknown,NoDate,,2026-02-25 12:50:28,"Navigation: Page.goto: Target page, context or browser has been closed",cli
https://x.com/startupideaspod/status/2026034752009211953,failed,Untitled,Unknown,NoDate,,2026-02-25 12:50:28,"Navigation: Page.goto: Target page, context or browser has been closed",cli
https://x.com/akshay_pachaar/status/2025933798953865284,failed,Untitled,Unknown,NoDate,,2026-02-25 12:50:28,"Navigation: Page.goto: Target page, context or browser has been closed",cli
https://x.com/jungeAGI/status/2025968331644420288,failed,Untitled,Unknown,NoDate,,2026-02-25 12:50:28,"Navigation: Page.goto: Target page, context or browser has been closed",cli
https://x.com/0xmomonifty/status/2025938450248347933,failed,Untitled,Unknown,NoDate,,2026-02-25 12:50:28,"Navigation: Page.goto: Target page, context or browser has been closed",cli
https://x.com/wickedguro/status/2025967492359913862,failed,Untitled,Unknown,NoDate,,2026-02-25 12:50:28,"Navigation: Page.goto: Target page, context or browser has been closed",cli
https://x.com/sitinme/status/2026169692348727389,failed,Untitled,Unknown,NoDate,,2026-02-25 12:50:28,"Navigation: Page.goto: Target page, context or browser has been closed",cli
https://x.com/onehopeA9/status/2025934420893708433,failed,Untitled,Unknown,NoDate,,2026-02-25 12:50:28,"Navigation: Page.goto: Target page, context or browser has been closed",cli
https://x.com/wangray/status/2026101225536807378,failed,Untitled,Unknown,NoDate,,2026-02-25 12:50:28,"Navigation: Page.goto: Target page, context or browser has been closed",cli
https://x.com/msjiaozhu/status/2025879303213469711,failed,Untitled,Unknown,NoDate,,2026-02-25 12:50:28,"Navigation: Page.goto: Target page, context or browser has been closed",cli
https://x.com/GoSailGlobal/status/2026119669506261300,failed,Untitled,Unknown,NoDate,,2026-02-25 12:50:28,"Navigation: Page.goto: Target page, context or browser has been closed",cli
https://x.com/juliangoldieseo/status/2026221224028954950,failed,Untitled,Unknown,NoDate,,2026-02-25 12:50:28,"Navigation: Page.goto: Target page, context or browser has been closed",cli
https://x.com/Jason/status/2026004823947030880,failed,Untitled,Unknown,NoDate,,2026-02-25 12:50:28,Navigation: Page.goto: Connection closed while reading from the driver,cli
